date,title,author
2025-10-10 13:47:00,"Bitcoin to Lose 50% of Value Against Gold, Warns Bloomberg Expert",Gamza Khanzadaev
2025-10-10 13:43:00,Bitcoin Warning Issued: UK Platform Highlights Risks for Investors,Tomiwabold Olajide
2025-10-10 11:47:00,"Morning Crypto Report: 'Bitcoin Jesus' Free? XRP Bulls Crushed in 3,192% Liquidation Imbalance Bloodbath, Whale Bets $600 Million Against BTC",Gamza Khanzadaev
2025-10-10 09:12:00,"AI Will Kill Gold, But Bitcoin Comes out Stronger, Predicts Nick Szabo",Gamza Khanzadaev
2025-10-10 00:01:00,"Crypto Market Prediction: XRP to Enter Freefall, Critical Support Lost? Bitcoin (BTC) Hits $120,000 Top, Shiba Inu (SHIB) Bullish Reversal Starts Here",Arman Shirinyan
2025-10-09 18:03:00,"Peter Brandt Sounds Alarm on Bitcoin (BTC), New XRP ETF with 3x Leverage Proposed, Cardano Founder Predicts Shift in Altcoin Season — Crypto News Digest",Dan Burgin
2025-10-09 15:44:00,Bitcoin (BTC) Price Analysis for October 9,Denys Serhiichuk
2025-10-09 15:42:00,"Bitcoin (BTC) Price to $112,000? Upside Rally Still Intact",Godfrey Benjamin
2025-10-09 13:45:00,'Huge': Adam Back Reacts to First EU Country Buying Bitcoin,Alex Dovbnya
2025-10-09 13:42:00,Dogecoin Creator Delivers Hilarious Crypto Verdict as Bitcoin Bulls Lose $363 Million,Gamza Khanzadaev
2025-10-09 12:34:00,Key Satoshi Feature Uncovered as Bitcoin Community Remains on Edge,Tomiwabold Olajide
2025-10-09 10:59:00,"Morning Crypto Report: Ripple CEO and $1 Trillion Stablecoin Boom, Bitcoin Struggles at $121,800, Shiba Inu Meme Coin Faces 2025 Bottom Risk",Gamza Khanzadaev
2025-10-09 09:50:00,"Robert Kiyosaki Slams 60/40 Investment Rule, Picks Bitcoin and Ethereum",Godfrey Benjamin
2025-10-09 05:14:00,"Bitcoin's Four-Year Cycle Is Dead, Hayes Says",Alex Dovbnya
2025-10-08 19:34:00,"Bitcoin Cannot Be Dependent on One Man, Luke Dashjr Says",Alex Dovbnya
2025-10-08 16:31:00,"XRP Drops Out of Top 3, Dogecoin Creator Breaks Silence on Bitcoin (BTC) Price, Shiba Inu (SHIB) Sees 70% Spike in 48 Hours — Crypto News Digest",Dan Burgin
2025-10-08 15:45:00,BlackRock Bitcoin ETF Dusts Wall Street Rivals With $3.5 Billion Weekly Inflow,Godfrey Benjamin
2025-10-08 15:39:00,"Bitcoin Core Welcomes Major Release, What's Changed?",Tomiwabold Olajide
2025-10-08 14:46:00,"Strategy's Saylor Says 'Yes' to Binance CEO, And It's About Bitcoin",Gamza Khanzadaev
2025-10-08 13:26:00,"Can Bitcoin (BTC) Hit $150,000? 3 Key Factors",Arman Shirinyan
2025-10-08 11:04:00,"Morning Crypto Report: Ripple CEO Reveals Why Banks Avoid XRP, Bitcoin Price Falls to $121,000 as Binance Coin (BNB) Takes Over, XRP in Top 3",Gamza Khanzadaev
2025-10-08 09:36:00,"'Rich Dad Poor Dad' Author Kiyosaki Sounds Alarm on US Dollar Collapse, Pushes Bitcoin and Ethereum",Gamza Khanzadaev
2025-10-08 06:03:00,Peter Brandt Names 'Ultimate Risk' to Bitcoin,Alex Dovbnya
2025-10-08 00:01:00,"Crypto Market Prediction: Bitcoin (BTC) Troubled at $123,000, Shiba Inu (SHIB) Hits Key Moment After Four Months, Ethereum (ETH) to Hit $5,000 After These Three",Arman Shirinyan
2025-10-07 23:42:00,"Ripple Receives $56 Million Worth of XRP from Unknown Wallet, Bitcoin Billionaire Predicts 'Massive Rally', Dogecoin (DOGE) Golden Cross Might Be Coming — Crypto News Digest",Dan Burgin
2025-10-07 21:07:00,Schiff: Bitcoin and Crypto to Be Rugged by Gold,Alex Dovbnya
2025-10-07 15:19:00,"Meanwhile, Bitcoin Life Insurer, Secures $82M to Meet Soaring Demand for Inflation-Proof Savings",
2025-10-07 15:14:00,Zcash Crashes 15% as Historical Correlation With Bitcoin Emerges,Tomiwabold Olajide
2025-10-07 14:12:00,Bitcoin (BTC) Price Analysis for October 7,Denys Serhiichuk
2025-10-07 13:52:00,"XRP Risks 10% Drop Against Bitcoin, But All-Time High Breakout Could Be Next",Gamza Khanzadaev
2025-10-07 10:17:00,"Morning Crypto Report: $610 Million XRP Surprise by Ripple, Bitcoin (BTC) Smashes $126,000 Record, Shiba Inu (SHIB) Faces Survival Questions",Gamza Khanzadaev
2025-10-07 09:23:00,"Dan Tapiero Predicts More Panic Around Bitcoin, Is $150,000 Next?",Godfrey Benjamin
2025-10-07 09:11:00,Dogecoin Creator Breaks Silence on Bitcoin Price With Viral Meme,Gamza Khanzadaev
2025-10-07 07:02:00,Biggest Bitcoin ETF Records Nearly $1 Billion Worth of Inflows in Just One Day,Alex Dovbnya
2025-10-07 00:01:00,"Crypto Market Prediction: XRP Delivers Legendary Price Pattern, Ethereum (ETH) Consolidates for $4,500, No $150,000 Bitcoin (BTC)?",Arman Shirinyan
2025-10-06 19:59:00,Billionaire Bitcoin Holder Paul Tudor Jones Predicts 'Massive Rally',Alex Dovbnya
2025-10-06 19:36:00,Bitwise CIO Shares $1 Trillion Prediction for Bitcoin Funds,Caroline Amosun
2025-10-06 17:32:00,BREAKING: Bitcoin Hits New Record High. Will It Reach $130K Soon?,Alex Dovbnya
2025-10-06 15:54:00,"12.5-Year-Old Dormant Bitcoin Address Back to Life After 82,355% Profit",Godfrey Benjamin
2025-10-06 15:47:00,Bitcoin (BTC) Price Analysis for October 6,Denys Serhiichuk
2025-10-06 15:45:00,"Bitcoin Hits All-Time High, XRP Next? Ripple CEO Confirms Next Stage, Shiba Inu (SHIB) Massive Fight Begins — Crypto News Digest",Dan Burgin
2025-10-06 13:28:00,Michael Saylor Reveals Key Risks of Bitcoin Strategy Amid $3.9 Billion Fair Value,Gamza Khanzadaev
2025-10-06 10:35:00,"Morning Crypto Market Watch: Bitcoin Targets $150,000 After $3.55 Billion ETF Boom, XRP Nets $219,400,000 Inflows, Shiba Inu (SHIB) Eyes $0.000014, Binance Lists Aster",Gamza Khanzadaev
2025-10-06 10:32:00,Is Bitcoin Connected to Gold? New ATH Raises Questions,Arman Shirinyan
2025-10-06 09:22:00,"$150,000 Bitcoin? Weekly Close Breaks All Records",Gamza Khanzadaev
2025-10-06 00:01:00,"Crypto Market Prediction: Bitcoin (BTC) ATH Is Nothing, XRP Begins $5 Run, Shiba Inu (SHIB) No Choice at $0.000013",Arman Shirinyan
2025-10-05 15:41:00,Bitcoin (BTC) Price Prediction for October 5,Denys Serhiichuk
2025-10-05 13:08:00,"XRP Is Next in All-Time High Line After Bitcoin, Bollinger Bands Signal",Gamza Khanzadaev
2025-10-05 12:31:00,'$1 Million Bitcoin' Advocate Mow Believes It's Not Late to Buy Bitcoin,Gamza Khanzadaev
2025-10-05 12:16:00,"$200 Million Bitcoin Whale Transfer Stuns Binance After $125,559 High",Gamza Khanzadaev
